"id_cita","id_paciente","id_medico","id_especialidad","especialidad","fecha_cita","hora_inicio","hora_fin","fecha_nacimiento","edad_paciente"
4,1,1,1,"Medicina General","2026-06-08","08:00:00","08:30:00","1995-04-15",31
5,1,1,1,"Medicina General","2025-12-01","08:00:00","08:30:00","1995-04-15",30
6,2,2,1,"Medicina General","2025-12-01","08:30:00","09:00:00","2018-03-12",7
7,3,3,2,"Cardiología","2025-12-01","09:00:00","09:30:00","2015-07-25",10
8,4,4,2,"Cardiología","2025-12-01","09:30:00","10:00:00","2012-11-08",13
9,5,5,3,"Pediatría","2025-12-01","10:00:00","10:30:00","2009-01-19",16
10,6,6,3,"Pediatría","2025-12-01","10:30:00","11:00:00","2005-05-30",20
11,7,7,4,"Dermatología","2025-12-01","11:00:00","11:30:00","1999-09-14",26
12,8,8,4,"Dermatología","2025-12-01","11:30:00","12:00:00","1997-12-03",27
13,9,9,5,"Traumatología","2025-12-02","08:00:00","08:30:00","1994-06-21",31
14,10,10,5,"Traumatología","2025-12-02","08:30:00","09:00:00","1992-04-11",33
15,11,1,1,"Medicina General","2025-12-02","09:00:00","09:30:00","1989-10-09",36
16,12,2,1,"Medicina General","2025-12-02","09:30:00","10:00:00","1987-02-17",38
17,13,3,2,"Cardiología","2025-12-02","10:00:00","10:30:00","1985-08-28",40
18,14,4,2,"Cardiología","2025-12-02","10:30:00","11:00:00","1983-03-06",42
19,15,5,3,"Pediatría","2025-12-02","11:00:00","11:30:00","1980-01-23",45
20,16,6,3,"Pediatría","2025-12-02","11:30:00","12:00:00","1978-07-13",47
21,17,7,4,"Dermatología","2025-12-03","08:00:00","08:30:00","1975-09-05",50
22,18,8,4,"Dermatología","2025-12-03","08:30:00","09:00:00","1972-12-29",52
23,19,9,5,"Traumatología","2025-12-03","09:00:00","09:30:00","1970-06-18",55
24,20,10,5,"Traumatología","2025-12-03","09:30:00","10:00:00","1968-04-04",57
25,21,1,1,"Medicina General","2025-12-03","10:00:00","10:30:00","1965-11-16",60
26,22,2,1,"Medicina General","2025-12-03","10:30:00","11:00:00","1962-08-07",63
27,23,3,2,"Cardiología","2025-12-03","11:00:00","11:30:00","1960-02-25",65
28,24,4,2,"Cardiología","2025-12-03","11:30:00","12:00:00","1958-10-31",67
29,25,5,3,"Pediatría","2025-12-04","14:00:00","14:30:00","1955-05-15",70
30,26,6,3,"Pediatría","2025-12-04","14:30:00","15:00:00","1952-09-20",73
31,27,7,4,"Dermatología","2025-12-04","15:00:00","15:30:00","1950-01-10",75
32,28,8,4,"Dermatología","2025-12-04","15:30:00","16:00:00","1948-06-27",77
33,29,9,5,"Traumatología","2025-12-04","16:00:00","16:30:00","1945-03-18",80
34,30,10,5,"Traumatología","2025-12-04","16:30:00","17:00:00","1942-12-01",83
35,1,1,1,"Medicina General","2025-12-04","17:00:00","17:30:00","1995-04-15",30
36,2,2,1,"Medicina General","2025-12-04","17:30:00","18:00:00","2018-03-12",7
37,3,3,2,"Cardiología","2025-12-05","14:00:00","14:30:00","2015-07-25",10
38,4,4,2,"Cardiología","2025-12-05","14:30:00","15:00:00","2012-11-08",13
39,5,5,3,"Pediatría","2025-12-05","15:00:00","15:30:00","2009-01-19",16
40,6,6,3,"Pediatría","2025-12-05","15:30:00","16:00:00","2005-05-30",20
41,7,7,4,"Dermatología","2025-12-05","16:00:00","16:30:00","1999-09-14",26
42,8,8,4,"Dermatología","2025-12-05","16:30:00","17:00:00","1997-12-03",28
43,9,9,5,"Traumatología","2025-12-05","17:00:00","17:30:00","1994-06-21",31
44,10,10,5,"Traumatología","2025-12-05","17:30:00","18:00:00","1992-04-11",33
45,11,1,1,"Medicina General","2025-12-08","08:00:00","08:30:00","1989-10-09",36
46,12,2,1,"Medicina General","2025-12-08","08:30:00","09:00:00","1987-02-17",38
47,13,3,2,"Cardiología","2025-12-08","09:00:00","09:30:00","1985-08-28",40
48,14,4,2,"Cardiología","2025-12-08","09:30:00","10:00:00","1983-03-06",42
49,15,5,3,"Pediatría","2025-12-08","10:00:00","10:30:00","1980-01-23",45
50,16,6,3,"Pediatría","2025-12-08","10:30:00","11:00:00","1978-07-13",47
51,17,7,4,"Dermatología","2025-12-08","11:00:00","11:30:00","1975-09-05",50
52,18,8,4,"Dermatología","2025-12-08","11:30:00","12:00:00","1972-12-29",52
53,19,9,5,"Traumatología","2025-12-09","08:00:00","08:30:00","1970-06-18",55
54,20,10,5,"Traumatología","2025-12-09","08:30:00","09:00:00","1968-04-04",57
55,21,1,1,"Medicina General","2025-12-09","09:00:00","09:30:00","1965-11-16",60
56,22,2,1,"Medicina General","2025-12-09","09:30:00","10:00:00","1962-08-07",63
57,23,3,2,"Cardiología","2025-12-09","10:00:00","10:30:00","1960-02-25",65
58,24,4,2,"Cardiología","2025-12-09","10:30:00","11:00:00","1958-10-31",67
59,25,5,3,"Pediatría","2025-12-09","11:00:00","11:30:00","1955-05-15",70
60,26,6,3,"Pediatría","2025-12-09","11:30:00","12:00:00","1952-09-20",73
61,27,7,4,"Dermatología","2025-12-10","08:00:00","08:30:00","1950-01-10",75
62,28,8,4,"Dermatología","2025-12-10","08:30:00","09:00:00","1948-06-27",77
63,29,9,5,"Traumatología","2025-12-10","09:00:00","09:30:00","1945-03-18",80
64,30,10,5,"Traumatología","2025-12-10","09:30:00","10:00:00","1942-12-01",83
65,1,1,1,"Medicina General","2025-12-10","10:00:00","10:30:00","1995-04-15",30
66,2,2,1,"Medicina General","2025-12-10","10:30:00","11:00:00","2018-03-12",7
67,3,3,2,"Cardiología","2025-12-10","11:00:00","11:30:00","2015-07-25",10
68,4,4,2,"Cardiología","2025-12-10","11:30:00","12:00:00","2012-11-08",13
69,5,5,3,"Pediatría","2025-12-11","14:00:00","14:30:00","2009-01-19",16
70,6,6,3,"Pediatría","2025-12-11","14:30:00","15:00:00","2005-05-30",20
71,7,7,4,"Dermatología","2025-12-11","15:00:00","15:30:00","1999-09-14",26
72,8,8,4,"Dermatología","2025-12-11","15:30:00","16:00:00","1997-12-03",28
73,9,9,5,"Traumatología","2025-12-11","16:00:00","16:30:00","1994-06-21",31
74,10,10,5,"Traumatología","2025-12-11","16:30:00","17:00:00","1992-04-11",33
75,11,1,1,"Medicina General","2025-12-11","17:00:00","17:30:00","1989-10-09",36
76,12,2,1,"Medicina General","2025-12-11","17:30:00","18:00:00","1987-02-17",38
77,13,3,2,"Cardiología","2025-12-12","14:00:00","14:30:00","1985-08-28",40
78,14,4,2,"Cardiología","2025-12-12","14:30:00","15:00:00","1983-03-06",42
79,15,5,3,"Pediatría","2025-12-12","15:00:00","15:30:00","1980-01-23",45
80,16,6,3,"Pediatría","2025-12-12","15:30:00","16:00:00","1978-07-13",47
81,17,7,4,"Dermatología","2025-12-12","16:00:00","16:30:00","1975-09-05",50
82,18,8,4,"Dermatología","2025-12-12","16:30:00","17:00:00","1972-12-29",52
83,19,9,5,"Traumatología","2025-12-12","17:00:00","17:30:00","1970-06-18",55
84,20,10,5,"Traumatología","2025-12-12","17:30:00","18:00:00","1968-04-04",57
85,21,1,1,"Medicina General","2025-12-15","08:00:00","08:30:00","1965-11-16",60
86,22,2,1,"Medicina General","2025-12-15","08:30:00","09:00:00","1962-08-07",63
87,23,3,2,"Cardiología","2025-12-15","09:00:00","09:30:00","1960-02-25",65
88,24,4,2,"Cardiología","2025-12-15","09:30:00","10:00:00","1958-10-31",67
89,25,5,3,"Pediatría","2025-12-15","10:00:00","10:30:00","1955-05-15",70
90,26,6,3,"Pediatría","2025-12-15","10:30:00","11:00:00","1952-09-20",73
91,27,7,4,"Dermatología","2025-12-15","11:00:00","11:30:00","1950-01-10",75
92,28,8,4,"Dermatología","2025-12-15","11:30:00","12:00:00","1948-06-27",77
93,29,9,5,"Traumatología","2025-12-16","08:00:00","08:30:00","1945-03-18",80
94,30,10,5,"Traumatología","2025-12-16","08:30:00","09:00:00","1942-12-01",83
95,1,1,1,"Medicina General","2025-12-16","09:00:00","09:30:00","1995-04-15",30
96,2,2,1,"Medicina General","2025-12-16","09:30:00","10:00:00","2018-03-12",7
97,3,3,2,"Cardiología","2025-12-16","10:00:00","10:30:00","2015-07-25",10
98,4,4,2,"Cardiología","2025-12-16","10:30:00","11:00:00","2012-11-08",13
99,5,5,3,"Pediatría","2025-12-16","11:00:00","11:30:00","2009-01-19",16
100,6,6,3,"Pediatría","2025-12-16","11:30:00","12:00:00","2005-05-30",20
101,7,7,4,"Dermatología","2025-12-17","08:00:00","08:30:00","1999-09-14",26
102,8,8,4,"Dermatología","2025-12-17","08:30:00","09:00:00","1997-12-03",28
103,9,9,5,"Traumatología","2025-12-17","09:00:00","09:30:00","1994-06-21",31
104,10,10,5,"Traumatología","2025-12-17","09:30:00","10:00:00","1992-04-11",33
105,11,1,1,"Medicina General","2025-12-17","10:00:00","10:30:00","1989-10-09",36
106,12,2,1,"Medicina General","2025-12-17","10:30:00","11:00:00","1987-02-17",38
107,13,3,2,"Cardiología","2025-12-17","11:00:00","11:30:00","1985-08-28",40
108,14,4,2,"Cardiología","2025-12-17","11:30:00","12:00:00","1983-03-06",42
109,15,5,3,"Pediatría","2025-12-18","14:00:00","14:30:00","1980-01-23",45
110,16,6,3,"Pediatría","2025-12-18","14:30:00","15:00:00","1978-07-13",47
111,17,7,4,"Dermatología","2025-12-18","15:00:00","15:30:00","1975-09-05",50
112,18,8,4,"Dermatología","2025-12-18","15:30:00","16:00:00","1972-12-29",52
113,19,9,5,"Traumatología","2025-12-18","16:00:00","16:30:00","1970-06-18",55
114,20,10,5,"Traumatología","2025-12-18","16:30:00","17:00:00","1968-04-04",57
115,21,1,1,"Medicina General","2025-12-18","17:00:00","17:30:00","1965-11-16",60
116,22,2,1,"Medicina General","2025-12-18","17:30:00","18:00:00","1962-08-07",63
117,23,3,2,"Cardiología","2025-12-19","14:00:00","14:30:00","1960-02-25",65
118,24,4,2,"Cardiología","2025-12-19","14:30:00","15:00:00","1958-10-31",67
119,25,5,3,"Pediatría","2025-12-19","15:00:00","15:30:00","1955-05-15",70
120,26,6,3,"Pediatría","2025-12-19","15:30:00","16:00:00","1952-09-20",73
121,27,7,4,"Dermatología","2025-12-19","16:00:00","16:30:00","1950-01-10",75
122,28,8,4,"Dermatología","2025-12-19","16:30:00","17:00:00","1948-06-27",77
123,29,9,5,"Traumatología","2025-12-19","17:00:00","17:30:00","1945-03-18",80
124,30,10,5,"Traumatología","2025-12-19","17:30:00","18:00:00","1942-12-01",83
125,1,1,1,"Medicina General","2025-12-22","08:00:00","08:30:00","1995-04-15",30
126,2,2,1,"Medicina General","2025-12-22","08:30:00","09:00:00","2018-03-12",7
127,3,3,2,"Cardiología","2025-12-22","09:00:00","09:30:00","2015-07-25",10
128,4,4,2,"Cardiología","2025-12-22","09:30:00","10:00:00","2012-11-08",13
129,5,5,3,"Pediatría","2025-12-22","10:00:00","10:30:00","2009-01-19",16
130,6,6,3,"Pediatría","2025-12-22","10:30:00","11:00:00","2005-05-30",20
131,7,7,4,"Dermatología","2025-12-22","11:00:00","11:30:00","1999-09-14",26
132,8,8,4,"Dermatología","2025-12-22","11:30:00","12:00:00","1997-12-03",28
133,9,9,5,"Traumatología","2025-12-23","08:00:00","08:30:00","1994-06-21",31
134,10,10,5,"Traumatología","2025-12-23","08:30:00","09:00:00","1992-04-11",33
135,11,1,1,"Medicina General","2025-12-23","09:00:00","09:30:00","1989-10-09",36
136,12,2,1,"Medicina General","2025-12-23","09:30:00","10:00:00","1987-02-17",38
137,13,3,2,"Cardiología","2025-12-23","10:00:00","10:30:00","1985-08-28",40
138,14,4,2,"Cardiología","2025-12-23","10:30:00","11:00:00","1983-03-06",42
139,15,5,3,"Pediatría","2025-12-23","11:00:00","11:30:00","1980-01-23",45
140,16,6,3,"Pediatría","2025-12-23","11:30:00","12:00:00","1978-07-13",47
141,17,7,4,"Dermatología","2025-12-24","08:00:00","08:30:00","1975-09-05",50
142,18,8,4,"Dermatología","2025-12-24","08:30:00","09:00:00","1972-12-29",52
143,19,9,5,"Traumatología","2025-12-24","09:00:00","09:30:00","1970-06-18",55
144,20,10,5,"Traumatología","2025-12-24","09:30:00","10:00:00","1968-04-04",57
145,21,1,1,"Medicina General","2025-12-24","10:00:00","10:30:00","1965-11-16",60
146,22,2,1,"Medicina General","2025-12-24","10:30:00","11:00:00","1962-08-07",63
147,23,3,2,"Cardiología","2025-12-24","11:00:00","11:30:00","1960-02-25",65
148,24,4,2,"Cardiología","2025-12-24","11:30:00","12:00:00","1958-10-31",67
149,25,5,3,"Pediatría","2025-12-25","14:00:00","14:30:00","1955-05-15",70
150,26,6,3,"Pediatría","2025-12-25","14:30:00","15:00:00","1952-09-20",73
151,27,7,4,"Dermatología","2025-12-25","15:00:00","15:30:00","1950-01-10",75
152,28,8,4,"Dermatología","2025-12-25","15:30:00","16:00:00","1948-06-27",77
153,29,9,5,"Traumatología","2025-12-25","16:00:00","16:30:00","1945-03-18",80
